command_id,name,category,subcategory,oscp_priority,used_in_writeups,tool_family,priority_tier,source_file
apache2-start,Start Apache Web Server,pivoting,file-transfer,HIGH,False,other,2,commands/pivoting/linux-utilities.json
attack-mode-decision,Choose Attack Mode Strategy,enumeration,N/A,HIGH,False,other,2,commands/enumeration/password-attacks-methodology.json
base64-transfer,Base64 Encoding Transfer,post-exploit,general-transfer,HIGH,False,other,2,commands/post-exploit/general-transfer.json
bash-dev-tcp-download,Bash /dev/tcp Download,post-exploit,data-exfiltration,HIGH,False,other,2,commands/post-exploit/auto-generated-full-syntax-post-exploit.json
calculate-keyspace,Calculate Password Keyspace,enumeration,N/A,HIGH,False,other,2,commands/enumeration/password-attacks-methodology.json
cat-etc-group,Cat Etc Group,post-exploit,privilege-escalation,HIGH,False,other,2,commands/post-exploit/auto-generated-full-syntax-post-exploit.json
cat-etc-shadow,Cat Etc Shadow,post-exploit,credential-dumping,HIGH,False,other,2,commands/post-exploit/auto-generated-full-syntax-post-exploit.json
cat-etc-shadow-2,Cat Etc Shadow 2,post-exploit,credential-dumping,HIGH,False,other,2,commands/post-exploit/auto-generated-full-syntax-post-exploit.json
cat-etc-sudoers,Cat Etc Sudoers,post-exploit,privilege-escalation,HIGH,False,other,2,commands/post-exploit/auto-generated-full-syntax-post-exploit.json
cat-etc-sudoers-2,Cat Etc Sudoers 2,post-exploit,privilege-escalation,HIGH,False,other,2,commands/post-exploit/auto-generated-full-syntax-post-exploit.json
cat-mnt-etc,Cat Mnt Etc,post-exploit,general,HIGH,False,other,2,commands/post-exploit/auto-generated-full-syntax-post-exploit.json
certutil-download,Certutil Windows Download,post-exploit,general-transfer,HIGH,False,other,2,commands/post-exploit/general-transfer.json
check-remote-registry-service,Check Remote Registry Service Status,enumeration,N/A,HIGH,False,other,2,commands/enumeration/ad-os-enumeration.json
create-policy-rules,Generate Rules from Password Policy,enumeration,N/A,HIGH,False,other,2,commands/enumeration/password-attacks-wordlist-rules.json
cron-directories-list,List Cron Directories,monitoring,scheduled-tasks,HIGH,False,other,2,commands/monitoring/scheduled-tasks.json
crontab-user-list,List User Cron Jobs,monitoring,scheduled-tasks,HIGH,False,other,2,commands/monitoring/scheduled-tasks.json
crontab-user-specific,List Another User's Cron Jobs,monitoring,scheduled-tasks,HIGH,False,other,2,commands/monitoring/scheduled-tasks.json
curl-upload,Curl File Upload,post-exploit,general-transfer,HIGH,False,curl,2,commands/post-exploit/general-transfer.json
curl-web-server-verify,Verify Web Server Status,exploitation,web-exploitation,HIGH,False,curl,2,commands/exploitation/auto-generated-full-syntax-exploitation.json
dir-admin-share,List Administrative Share Contents,enumeration,N/A,HIGH,False,other,2,commands/active-directory/ad-powershell-remoting.json
docker-run-pid,Docker Nsenter Container Escape,post-exploit,privilege-escalation,HIGH,False,other,2,commands/post-exploit/auto-generated-full-syntax-post-exploit.json
docker-run-pid-2,Docker Nsenter Container Escape,post-exploit,privilege-escalation,HIGH,False,other,2,commands/post-exploit/auto-generated-full-syntax-post-exploit.json
docker-run-v,Docker Run V,post-exploit,privilege-escalation,HIGH,False,other,2,commands/post-exploit/auto-generated-full-syntax-post-exploit.json
dsquery-admins,Query Domain Admins Group (dsquery),enumeration,N/A,HIGH,False,other,2,commands/enumeration/ad-legacy-enumeration.json
echo-newroot-salt,Echo Newroot Salt,post-exploit,credential-dumping,HIGH,False,other,2,commands/post-exploit/auto-generated-full-syntax-post-exploit.json
edit-etc-shadow,Edit Etc Shadow,post-exploit,credential-dumping,HIGH,False,other,2,commands/post-exploit/auto-generated-full-syntax-post-exploit.json
enable-remote-registry,Enable Remote Registry Service,enumeration,N/A,HIGH,False,other,2,commands/enumeration/ad-os-enumeration.json
file-transfer-curl,Linux: curl Download,post-exploit,exfiltration,HIGH,False,other,2,commands/post-exploit/exfiltration.json
file-transfer-nc-push,Netcat: Push File to Target,post-exploit,exfiltration,HIGH,False,other,2,commands/post-exploit/exfiltration.json
file-transfer-powershell-download,Windows: PowerShell Download File,post-exploit,exfiltration,HIGH,False,other,2,commands/post-exploit/exfiltration.json
file-transfer-python-http,Python HTTP Server (Download from Target),post-exploit,exfiltration,HIGH,False,other,2,commands/post-exploit/exfiltration.json
file-transfer-smb,Windows: SMB Transfer,post-exploit,exfiltration,HIGH,False,other,2,commands/post-exploit/exfiltration.json
file-transfer-wget,Linux: wget Download,post-exploit,exfiltration,HIGH,False,other,2,commands/post-exploit/exfiltration.json
find-files,Find Files by Pattern,enumeration,N/A,HIGH,False,other,2,commands/utilities/system-utilities.json
find-name-authorized,Find Name Authorized,post-exploit,credential-dumping,HIGH,False,other,2,commands/post-exploit/auto-generated-full-syntax-post-exploit.json
get-acl,Get Access Control List,enumeration,N/A,HIGH,False,other,2,commands/post-exploit/windows-powershell-cmdlets.json
get-itemproperty,Get Registry Item Property,enumeration,N/A,HIGH,False,other,2,commands/post-exploit/windows-powershell-cmdlets.json
get-scheduledtask,Get Scheduled Tasks,enumeration,N/A,HIGH,False,other,2,commands/post-exploit/windows-powershell-cmdlets.json
get-service,Get Windows Services,enumeration,N/A,HIGH,False,other,2,commands/post-exploit/windows-powershell-cmdlets.json
getcap-bin-systemctl,Getcap Bin Systemctl,post-exploit,privilege-escalation,HIGH,False,other,2,commands/post-exploit/auto-generated-full-syntax-post-exploit.json
gobuster-dir,Directory Bruteforce,web,N/A,HIGH,False,gobuster,2,commands/web/general.json
gpp-password-decrypt,Decrypt GPP Password,enumeration,N/A,HIGH,False,other,2,commands/enumeration/ad-session-share-enum.json
grep-file,Search File Contents,enumeration,N/A,HIGH,False,other,2,commands/utilities/system-utilities.json
grep-r-etc,Grep R Etc,post-exploit,enumeration,HIGH,False,other,2,commands/post-exploit/auto-generated-full-syntax-post-exploit.json
grep-r-private,Grep R Private,post-exploit,credential-dumping,HIGH,False,other,2,commands/post-exploit/auto-generated-full-syntax-post-exploit.json
grep-sudo-commands,Search for Sudo Command Usage,monitoring,log-monitoring,HIGH,False,other,2,commands/monitoring/log-monitoring.json
hash-rate-benchmark,Benchmark Hash Cracking Speed,enumeration,N/A,HIGH,False,other,2,commands/enumeration/password-attacks-methodology.json
hashcat-ntlm-crack,Crack NTLM Hash (Mode 1000),enumeration,N/A,HIGH,False,hashcat,2,commands/enumeration/password-attacks-hashcat.json
hashcat-sha256-crack,Crack SHA256 Hash (Mode 1400),enumeration,N/A,HIGH,False,hashcat,2,commands/enumeration/password-attacks-hashcat.json
hashcat-show-cracked,Show Cracked Passwords,enumeration,N/A,HIGH,False,hashcat,2,commands/enumeration/password-attacks-hashcat.json
hashcat-test-rules,Test Hashcat Rules with Stdout,enumeration,N/A,HIGH,False,hashcat,2,commands/enumeration/password-attacks-wordlist-rules.json
hashid,Hashid - Modern Hash Identifier,enumeration,N/A,HIGH,False,other,2,commands/enumeration/password-attacks-hash-formatting.json
hydra-http-post-form,HTTP POST Login Form Attack,enumeration,N/A,HIGH,False,hydra,2,commands/enumeration/password-attacks-hydra.json
hydra-rdp-spray,RDP Password Spraying,enumeration,N/A,HIGH,False,hydra,2,commands/enumeration/password-attacks-hydra.json
hydra-ssh-single-user,SSH Dictionary Attack - Single User,enumeration,N/A,HIGH,False,hydra,2,commands/enumeration/password-attacks-hydra.json
ip-addr,Display Network Interfaces,pivoting,enumeration,HIGH,False,other,2,commands/pivoting/linux-utilities.json
ipconfig-all,IP Configuration All,pivoting,enumeration,HIGH,False,other,2,commands/pivoting/windows-utilities.json
john-show-cracked,Show Cracked Passwords,enumeration,N/A,HIGH,False,john,2,commands/enumeration/password-attacks-john.json
john-test-rules,Test John Rules with Stdout,enumeration,N/A,HIGH,False,john,2,commands/enumeration/password-attacks-wordlist-rules.json
john-wordlist-attack,John Wordlist Attack,enumeration,N/A,HIGH,False,john,2,commands/enumeration/password-attacks-john.json
journalctl-service-follow,Follow Specific Service Logs,monitoring,log-monitoring,HIGH,False,other,2,commands/monitoring/log-monitoring.json
lfi-test,LFI Basic Test,web,N/A,HIGH,False,other,2,commands/web/general.json
linux-cron-enum,Enumerate Cron Jobs,post-exploit,linux,HIGH,False,other,2,commands/post-exploit/linux.json
linux-cron-jobs,Enumerate Cron Jobs,post-exploit,linux,HIGH,False,other,2,commands/post-exploit/linux.json
linux-docker-escape,Check Docker Group Membership,post-exploit,linux,HIGH,False,other,2,commands/post-exploit/linux.json
linux-kernel-version,Check Kernel Version,post-exploit,linux,HIGH,False,other,2,commands/post-exploit/linux.json
linux-linpeas,Run LinPEAS Enumeration,post-exploit,linux,HIGH,False,other,2,commands/post-exploit/linux.json
linux-path-hijack,PATH Hijacking,post-exploit,linux,HIGH,False,other,2,commands/post-exploit/linux.json
linux-privesc-linenum,LinEnum - Basic Enumeration,post-exploit,linux,HIGH,False,other,2,commands/post-exploit/linux.json
linux-privesc-linpeas,LinPEAS - Automated Enumeration,post-exploit,linux,HIGH,False,other,2,commands/post-exploit/linux.json
linux-sudo-check,Check Sudo Privileges,post-exploit,linux,HIGH,False,other,2,commands/post-exploit/linux.json
linux-sudo-list,Check Sudo Permissions,post-exploit,linux,HIGH,False,other,2,commands/post-exploit/linux.json
linux-suid-find,Find SUID Binaries,post-exploit,linux,HIGH,False,other,2,commands/post-exploit/linux.json
linux-wildcard-injection,Wildcard Injection in Scripts,post-exploit,linux,HIGH,False,other,2,commands/post-exploit/linux.json
linux-writable-etc-passwd,Check Writable /etc/passwd,post-exploit,linux,HIGH,False,other,2,commands/post-exploit/linux.json
linux-writable-passwd,Check /etc/passwd Permissions,post-exploit,linux,HIGH,False,other,2,commands/post-exploit/linux.json
ls-la-bin,Ls La Bin,post-exploit,privilege-escalation,HIGH,False,other,2,commands/post-exploit/auto-generated-full-syntax-post-exploit.json
nc-connect,Netcat Connection,exploitation,N/A,HIGH,False,nc,2,commands/utilities/network-utilities.json
nc-file-transfer,Netcat File Transfer,post-exploit,general-transfer,HIGH,False,nc,2,commands/post-exploit/general-transfer.json
nc-reverse-shell,Netcat Reverse Shell,exploitation,N/A,HIGH,False,nc,2,commands/exploitation/general.json
net-accounts-domain,Get Domain Password Policy,enumeration,N/A,HIGH,False,other,2,commands/enumeration/ad-legacy-enumeration.json
net-use-admin-share,Map Administrative Share with Credentials,post-exploit,N/A,HIGH,False,other,2,commands/active-directory/ad-powershell-remoting.json
netstat-windows,Netstat Network Connections,pivoting,enumeration,HIGH,False,other,2,commands/pivoting/windows-utilities.json
nmap-ping-sweep,Network Ping Sweep,recon,N/A,HIGH,False,nmap,2,commands/recon.json
nmap-udp-scan,Nmap UDP Port Scan,enumeration,N/A,HIGH,False,nmap,2,commands/utilities/network-utilities.json
pgrep-pattern-search,Find Processes by Name Pattern,monitoring,process-enumeration,HIGH,False,other,2,commands/monitoring/process-enumeration.json
php-download,PHP Download Script,post-exploit,general-transfer,HIGH,False,other,2,commands/post-exploit/general-transfer.json
ping-host,Ping Host,recon,N/A,HIGH,False,other,2,commands/utilities/network-utilities.json
powershell-download,PowerShell Download Methods,post-exploit,general-transfer,HIGH,False,powershell,2,commands/post-exploit/general-transfer.json
powershell-get-content,PowerShell Read File with Get-Content,utilities,file-operations,HIGH,False,powershell,2,commands/utilities/windows-file-operations.json
powershell-reverse-shell,PowerShell Reverse Shell,exploitation,N/A,HIGH,False,powershell,2,commands/exploitation/general.json
powerview-get-netuser-all,Enumerate All Domain Users (PowerView),enumeration,N/A,HIGH,False,other,2,commands/enumeration/ad-powerview-core.json
proxychains-config,Configure Proxychains,pivoting,proxychains,HIGH,False,other,2,commands/pivoting/proxychains-utilities.json
proxychains-nmap,Nmap Through Proxychains,pivoting,proxychains,HIGH,False,other,2,commands/pivoting/proxychains-utilities.json
ps-get-current-domain,PowerShell Get Current Domain Information,ENUMERATION,ACTIVE_DIRECTORY,HIGH,False,ps,2,commands/enumeration/ps-get-current-domain.json
ps-ldap-directorysearcher,PowerShell .NET DirectorySearcher LDAP Query,ENUMERATION,ACTIVE_DIRECTORY,HIGH,False,ps,2,commands/enumeration/ps-ldap-directorysearcher.json
ps-reverse-shell-base64,PowerShell Base64 Encoded Reverse Shell,SHELLS,REVERSE_SHELL,HIGH,False,ps,2,commands/shells/ps-reverse-shell-base64.json
ps-reverse-shell-encoder-python,Python Script - PowerShell Reverse Shell Base64 Encoder,SHELLS,PAYLOAD_GENERATION,HIGH,False,ps,2,commands/shells/ps-reverse-shell-encoder-python.json
ps-search-desktop-flags,PowerShell Search Desktop for Flags,POST_EXPLOIT,FLAG_RETRIEVAL,HIGH,False,ps,2,commands/post-exploit/ps-search-desktop-flags.json
ps-user-filter,Processes by User,monitoring,process-enumeration,HIGH,False,ps,2,commands/monitoring/process-enumeration.json
ps-winrm-credential-setup,PowerShell WinRM Credential Object Setup,LATERAL_MOVEMENT,WINRM,HIGH,False,ps,2,commands/lateral-movement/ps-winrm-credential-setup.json
ps-winrm-invoke-command,PowerShell WinRM Invoke-Command Remote Execution,LATERAL_MOVEMENT,WINRM,HIGH,False,ps,2,commands/lateral-movement/ps-winrm-invoke-command.json
psql-connect,PostgreSQL Client Connection,pivoting,database-access,HIGH,False,ps,2,commands/pivoting/linux-utilities.json
rubeus-ptt,Rubeus Pass-the-Ticket,exploitation,active-directory,HIGH,False,rubeus,2,commands/exploitation/auto-generated-full-syntax-exploitation.json
rule-append-digit,Append Single Digit Rule,enumeration,N/A,HIGH,False,other,2,commands/enumeration/password-attacks-wordlist-rules.json
rule-capitalize-append,Capitalize + Append Special Char Rule,enumeration,N/A,HIGH,False,other,2,commands/enumeration/password-attacks-wordlist-rules.json
rule-prepend-year,Prepend Year Rule,enumeration,N/A,HIGH,False,other,2,commands/enumeration/password-attacks-wordlist-rules.json
search-share-files,Search Share for Sensitive Files,enumeration,N/A,HIGH,False,other,2,commands/enumeration/ad-session-share-enum.json
searchsploit,Searchsploit Exploit Search,exploitation,N/A,HIGH,False,other,2,commands/exploitation/general.json
searchsploit-linux-capability,SearchSploit Linux Capability Exploits,post-exploit,privilege-escalation,HIGH,False,other,2,commands/post-exploit/auto-generated-full-syntax-post-exploit.json
smb-enum,SMB Enumeration,recon,N/A,HIGH,False,other,2,commands/recon.json
smb-server,Impacket SMB Server,post-exploit,general-transfer,HIGH,False,other,2,commands/post-exploit/general-transfer.json
smbclient-list-shares,SMB Share Enumeration (No Auth),pivoting,smb-enumeration,HIGH,False,smbclient,2,commands/pivoting/linux-utilities.json
sqlmap-basic,SQLMap Basic Scan,web,N/A,HIGH,False,sqlmap,2,commands/web/general.json
ssh-connect,SSH Connection,exploitation,N/A,HIGH,False,ssh,2,commands/utilities/network-utilities.json
ssh-dynamic-port-forward,SSH Dynamic Port Forward (SOCKS Proxy),pivoting,ssh_tunneling,HIGH,False,ssh,2,commands/pivoting/ssh-tunneling.json
ssh-local-port-forward,SSH Local Port Forward,pivoting,ssh_tunneling,HIGH,False,ssh,2,commands/pivoting/ssh-tunneling.json
ssh-remote-dynamic-port-forward,SSH Remote Dynamic Port Forward (Reverse SOCKS),pivoting,ssh_tunneling,HIGH,False,ssh,2,commands/pivoting/ssh-tunneling.json
ssh-remote-port-forward,SSH Remote Port Forward (Reverse Tunnel),pivoting,ssh_tunneling,HIGH,False,ssh,2,commands/pivoting/ssh-tunneling.json
stat-var-run,Stat Var Run,post-exploit,privilege-escalation,HIGH,False,other,2,commands/post-exploit/auto-generated-full-syntax-post-exploit.json
strings-file,Extract Strings,enumeration,N/A,HIGH,False,other,2,commands/utilities/text-processing-utilities.json
systemctl-service-permissions,Check systemd Service File Permissions,monitoring,service-enumeration,HIGH,False,other,2,commands/monitoring/service-enumeration.json
systeminfo-windows,System Information,pivoting,enumeration,HIGH,False,other,2,commands/pivoting/windows-utilities.json
tail-follow-filter,Follow Log with Grep Filter,monitoring,log-monitoring,HIGH,False,other,2,commands/monitoring/log-monitoring.json
test-shadow-file,Test Shadow File,post-exploit,credential-dumping,HIGH,False,other,2,commands/post-exploit/auto-generated-full-syntax-post-exploit.json
test-share-access,Test Share Access,enumeration,N/A,HIGH,False,other,2,commands/enumeration/ad-session-share-enum.json
test-sudo-without,Test Sudo Without,post-exploit,privilege-escalation,HIGH,False,other,2,commands/post-exploit/auto-generated-full-syntax-post-exploit.json
test-wsman-connectivity,Test WinRM Connectivity,enumeration,N/A,HIGH,False,other,2,commands/active-directory/ad-powershell-remoting.json
use-cp-command,Use Cp Command,post-exploit,general,HIGH,False,other,2,commands/post-exploit/auto-generated-full-syntax-post-exploit.json
vhost-fuzzing-gobuster,Virtual Host Discovery with Gobuster,recon,N/A,HIGH,False,other,2,commands/recon.json
web-shell-php,Simple PHP Web Shell,exploitation,N/A,HIGH,False,other,2,commands/exploitation/general.json
wget-download,Wget Download,post-exploit,general-transfer,HIGH,False,wget,2,commands/post-exploit/general-transfer.json
wget-o-https,Wget O Https,post-exploit,data-exfiltration,HIGH,False,wget,2,commands/post-exploit/auto-generated-full-syntax-post-exploit.json
whatweb-enum,Technology Stack Identification,web,N/A,HIGH,False,other,2,commands/web/general.json
whoami-priv,Whoami Privileges,pivoting,enumeration,HIGH,False,other,2,commands/pivoting/windows-utilities.json
win-always-install-elevated,Check AlwaysInstallElevated,post-exploit,windows,HIGH,False,other,2,commands/post-exploit/windows.json
win-group-membership,Check Privileged Group Membership,post-exploit,windows,HIGH,False,other,2,commands/post-exploit/windows.json
win-potato-exploits,Check for Potato Exploit Eligibility,post-exploit,windows,HIGH,False,other,2,commands/post-exploit/windows.json
win-privesc-powerup,PowerUp - PowerShell Enumeration,post-exploit,windows,HIGH,False,other,2,commands/post-exploit/windows.json
win-privesc-winpeas,WinPEAS - Automated Enumeration,post-exploit,windows,HIGH,False,other,2,commands/post-exploit/windows.json
win-sam-system-backup,Check for SAM/SYSTEM Backups,post-exploit,windows,HIGH,False,other,2,commands/post-exploit/windows.json
win-systeminfo,System Information Gathering,post-exploit,windows,HIGH,False,other,2,commands/post-exploit/windows.json
windows-alwaysinstallelevated,Check AlwaysInstallElevated,post-exploit,windows,HIGH,False,other,2,commands/post-exploit/windows.json
windows-autologon,AutoLogon Credentials,post-exploit,windows,HIGH,False,other,2,commands/post-exploit/windows.json
windows-pass-the-hash,Pass the Hash Attack,post-exploit,windows,HIGH,False,other,2,commands/post-exploit/windows.json
windows-potato-attacks,Potato Attacks (JuicyPotato),post-exploit,windows,HIGH,False,other,2,commands/post-exploit/windows.json
windows-sam-system-backup,SAM/SYSTEM Backup Files,post-exploit,windows,HIGH,False,other,2,commands/post-exploit/windows.json
windows-scheduled-tasks,Enumerate Scheduled Tasks,post-exploit,windows,HIGH,False,other,2,commands/post-exploit/windows.json
windows-stored-credentials,Search for Stored Credentials,post-exploit,windows,HIGH,False,other,2,commands/post-exploit/windows.json
windows-unquoted-service,Find Unquoted Service Paths,post-exploit,windows,HIGH,False,other,2,commands/post-exploit/windows.json
wordpress-xmlrpc-enum,WordPress XML-RPC Enumeration,web,wordpress,HIGH,False,other,2,commands/web/wordpress.json
xfreerdp-connect,xFreeRDP Connection,pivoting,remote-access,HIGH,False,other,2,commands/pivoting/pivot-utilities.json
hashcat-bcrypt-crack,Crack bcrypt Hash (Mode 3200),enumeration,N/A,MEDIUM,False,hashcat,3,commands/enumeration/password-attacks-hashcat.json
hashcat-benchmark,Hashcat Benchmark Hash Rates,enumeration,N/A,MEDIUM,False,hashcat,3,commands/enumeration/password-attacks-hashcat.json
hashcat-combination-attack,Hashcat Combination Attack,enumeration,N/A,MEDIUM,False,hashcat,3,commands/enumeration/password-attacks-hashcat.json
hashcat-debug-mode,Hashcat Debug Mode (Test Rules),enumeration,N/A,MEDIUM,False,hashcat,3,commands/enumeration/password-attacks-hashcat.json
hashcat-hybrid-attack,Hashcat Hybrid Attack (Wordlist + Mask),enumeration,N/A,MEDIUM,False,hashcat,3,commands/enumeration/password-attacks-hashcat.json
hashcat-optimized-kernel,Hashcat Optimized Kernel,enumeration,N/A,MEDIUM,False,hashcat,3,commands/enumeration/password-attacks-hashcat.json
hashcat-output-format,Hashcat Output Format Control,enumeration,N/A,MEDIUM,False,hashcat,3,commands/enumeration/password-attacks-hashcat.json
hashcat-status-timer,Hashcat Auto-Status Updates,enumeration,N/A,MEDIUM,False,hashcat,3,commands/enumeration/password-attacks-hashcat.json
hashcat-username-format,Hashcat Username:Hash Format,enumeration,N/A,MEDIUM,False,hashcat,3,commands/enumeration/password-attacks-hashcat.json
hydra-combo-attack,Hydra Credential Pair Attack,enumeration,N/A,MEDIUM,False,hydra,3,commands/enumeration/password-attacks-hydra.json
hydra-custom-port,Hydra Custom Port,enumeration,N/A,MEDIUM,False,hydra,3,commands/enumeration/password-attacks-hydra.json
hydra-ftp-attack,FTP Dictionary Attack,enumeration,N/A,MEDIUM,False,hydra,3,commands/enumeration/password-attacks-hydra.json
hydra-mysql-attack,MySQL Dictionary Attack,enumeration,N/A,MEDIUM,False,hydra,3,commands/enumeration/password-attacks-hydra.json
hydra-output-file,Hydra Save Output to File,enumeration,N/A,MEDIUM,False,hydra,3,commands/enumeration/password-attacks-hydra.json
hydra-parallel-tasks,Hydra Parallel Tasks Configuration,enumeration,N/A,MEDIUM,False,hydra,3,commands/enumeration/password-attacks-hydra.json
hydra-show-attempts,Hydra Show Attempt Progress,enumeration,N/A,MEDIUM,False,hydra,3,commands/enumeration/password-attacks-hydra.json
hydra-ssh,SSH Brute Force,exploitation,N/A,MEDIUM,False,hydra,3,commands/exploitation/general.json
hydra-ssh-user-list,SSH Dictionary Attack - User List,enumeration,N/A,MEDIUM,False,hydra,3,commands/enumeration/password-attacks-hydra.json
john-custom-rules-conf,Add Custom Rules to john.conf,enumeration,N/A,MEDIUM,False,john,3,commands/enumeration/password-attacks-wordlist-rules.json
john-format-specify,John Specify Hash Format,enumeration,N/A,MEDIUM,False,john,3,commands/enumeration/password-attacks-john.json
john-list-formats,List All Supported Formats,enumeration,N/A,MEDIUM,False,john,3,commands/enumeration/password-attacks-john.json
john-restore-session,John Restore Session,enumeration,N/A,MEDIUM,False,john,3,commands/enumeration/password-attacks-john.json
john-status,John Show Status,enumeration,N/A,MEDIUM,False,john,3,commands/enumeration/password-attacks-john.json
nmap-script-nfs,Nmap Script Nfs,post-exploit,enumeration,MEDIUM,False,nmap,3,commands/post-exploit/auto-generated-full-syntax-post-exploit.json
hashcat-custom-charset,Hashcat Custom Character Set,enumeration,N/A,LOW,False,hashcat,3,commands/enumeration/password-attacks-hashcat.json
hashcat-dive-rules,Hashcat Dive Rules,enumeration,N/A,LOW,False,hashcat,3,commands/enumeration/password-attacks-wordlist-rules.json
hashcat-increment,Hashcat Increment Mode (Progressive Length),enumeration,N/A,LOW,False,hashcat,3,commands/enumeration/password-attacks-hashcat.json
hashcat-mask-attack,Hashcat Mask Attack (Brute-Force Pattern),enumeration,N/A,LOW,False,hashcat,3,commands/enumeration/password-attacks-hashcat.json
hashcat-potfile-disable,Hashcat Disable Potfile,enumeration,N/A,LOW,False,hashcat,3,commands/enumeration/password-attacks-hashcat.json
hydra-resume-session,Hydra Resume Session,enumeration,N/A,LOW,False,hydra,3,commands/enumeration/password-attacks-hydra.json
hydra-verbose,Hydra Verbose Output,enumeration,N/A,LOW,False,hydra,3,commands/enumeration/password-attacks-hydra.json
hydra-wait-time,Hydra Wait Time Between Attempts,enumeration,N/A,LOW,False,hydra,3,commands/enumeration/password-attacks-hydra.json
john-incremental-mode,John Incremental Mode (Brute-Force),enumeration,N/A,LOW,False,john,3,commands/enumeration/password-attacks-john.json
nmap-msf-import,Nmap to Metasploit Database Import,exploitation,metasploit,LOW,False,nmap,3,commands/exploitation/auto-generated-full-syntax-exploitation.json
hashcat-crack,Hashcat - Crack Hashes,password-attacks,hash-cracking,UNKNOWN,False,hashcat,3,commands/generated/password-attacks-additions.json
hashcat-kerberos-aes256-cbc,Hashcat Kerberos AES256-CBC Mode,enumeration,password-cracking,UNKNOWN,False,hashcat,3,commands/enumeration/auto-generated-full-syntax-enumeration.json
hashcat-modes,Hashcat - List Hash Modes,password-attacks,hash-cracking,UNKNOWN,False,hashcat,3,commands/generated/password-attacks-additions.json
hydra-ftp,Hydra - FTP Brute Force,password-attacks,brute-force,UNKNOWN,False,hydra,3,commands/generated/password-attacks-additions.json
hydra-http,Hydra - HTTP POST Brute Force,password-attacks,brute-force,UNKNOWN,False,hydra,3,commands/generated/password-attacks-additions.json
john-crack,John - Crack Password Hashes,password-attacks,hash-cracking,UNKNOWN,False,john,3,commands/generated/password-attacks-additions.json
john-format,John - Format Hash File,password-attacks,hash-cracking,UNKNOWN,False,john,3,commands/generated/password-attacks-additions.json
nmap-version-check,Check Nmap Version,enumeration,N/A,UNKNOWN,False,nmap,3,commands/utilities/extracted-utilities.json
sqlmap-advanced,SQLMap - SQL Injection Testing,web,sql-injection,UNKNOWN,False,sqlmap,3,commands/generated/web-additions.json
netsh-portproxy-delete,Netsh Delete Port Forward,pivoting,windows-tunneling,MEDIUM,False,other,4,commands/pivoting/windows-utilities.json
proxychains-psql,PostgreSQL Through Proxychains,pivoting,proxychains,MEDIUM,False,other,4,commands/pivoting/proxychains-utilities.json
socat-port-forward,Socat TCP Port Forward,pivoting,port_forwarding,MEDIUM,False,other,4,commands/pivoting/ssh-tunneling.json
ssh-debug-verbose,SSH Verbose Debugging,pivoting,ssh-tunneling,MEDIUM,False,ssh,4,commands/pivoting/pivot-utilities.json
ssh-version,SSH Version Check,pivoting,ssh-tunneling,MEDIUM,False,ssh,4,commands/pivoting/pivot-utilities.json
sshuttle-vpn,SSHuttle VPN over SSH,pivoting,ssh-tunneling,MEDIUM,False,ssh,4,commands/pivoting/pivot-utilities.json
where-windows,Where - Find Executable,pivoting,enumeration,MEDIUM,False,other,4,commands/pivoting/windows-utilities.json
check-processor-count,Processor Count Check,heuristic-evasion,N/A,UNKNOWN,False,other,4,commands/av-evasion/heuristic-evasion.json
check-recent-files,Recent Files Check,heuristic-evasion,N/A,UNKNOWN,False,other,4,commands/av-evasion/heuristic-evasion.json
check-uptime,System Uptime Check,heuristic-evasion,N/A,UNKNOWN,False,other,4,commands/av-evasion/heuristic-evasion.json
check-username-environment,Username/Hostname Check,heuristic-evasion,N/A,UNKNOWN,False,other,4,commands/av-evasion/heuristic-evasion.json
chisel-client,Chisel - Client Mode,tunneling,port-forwarding,UNKNOWN,False,chisel,4,commands/generated/tunneling-additions.json
chisel-server,Chisel - Server Mode,tunneling,port-forwarding,UNKNOWN,False,chisel,4,commands/generated/tunneling-additions.json
chisel-socks,Chisel - SOCKS Proxy,tunneling,socks-proxy,UNKNOWN,False,chisel,4,commands/generated/tunneling-additions.json
curl-http-service-verification,Verify HTTP Service Accessibility,pivoting,service-verification,UNKNOWN,False,curl,4,commands/pivoting/auto-generated-full-syntax-pivoting.json
ip-route-ping-verification,Verify Pivot Routing Capability,pivoting,network-verification,UNKNOWN,False,other,4,commands/pivoting/auto-generated-full-syntax-pivoting.json
large-memory-allocation,Large Memory Allocation Check,heuristic-evasion,N/A,UNKNOWN,False,other,4,commands/av-evasion/heuristic-evasion.json
ligolo-agent,Ligolo-ng - Agent,tunneling,pivoting,UNKNOWN,False,other,4,commands/generated/tunneling-additions.json
ligolo-server,Ligolo-ng - Server,tunneling,pivoting,UNKNOWN,False,other,4,commands/generated/tunneling-additions.json
netstat-routing-table,View Routing Table with Netstat,pivoting,network-reconnaissance,UNKNOWN,False,other,4,commands/pivoting/auto-generated-full-syntax-pivoting.json
non-emulated-api-numa,Non-Emulated API (VirtualAllocExNuma),heuristic-evasion,N/A,UNKNOWN,False,other,4,commands/av-evasion/heuristic-evasion.json
plink-remote-forward-microsocks,Plink Remote Forward with Microsocks,pivoting,socks-proxy,UNKNOWN,False,other,4,commands/pivoting/auto-generated-full-syntax-pivoting.json
sleep-timer-validation,Sleep Timer with Validation,heuristic-evasion,N/A,UNKNOWN,False,other,4,commands/av-evasion/heuristic-evasion.json
ssh-dynamic-forward,SSH - Dynamic Port Forwarding (SOCKS),tunneling,ssh-tunneling,UNKNOWN,False,ssh,4,commands/generated/tunneling-additions.json
ssh-local-forward,SSH - Local Port Forwarding,tunneling,ssh-tunneling,UNKNOWN,False,ssh,4,commands/generated/tunneling-additions.json
ssh-remote-forward,SSH - Remote Port Forwarding,tunneling,ssh-tunneling,UNKNOWN,False,ssh,4,commands/generated/tunneling-additions.json
test-netconnection-ssh-port,Test Outbound SSH Connectivity (PowerShell),pivoting,connectivity-testing,UNKNOWN,False,other,4,commands/pivoting/auto-generated-full-syntax-pivoting.json
ad-golden-ticket-cleanup,Remove Golden Ticket (Cleanup),post-exploit,active-directory,MEDIUM,False,other,5,commands/active-directory/ad-golden-ticket.json
cat-proc-version,Cat Proc Version,post-exploit,enumeration,MEDIUM,False,other,5,commands/post-exploit/auto-generated-full-syntax-post-exploit.json
cd-change-directory,Change Directory,utilities,navigation,MEDIUM,True,other,5,commands/utilities/basic-commands.json
check-netsessionenum-registry,Check NetSessionEnum Registry Permissions,enumeration,N/A,MEDIUM,False,other,5,commands/enumeration/ad-os-enumeration.json
check-sudoers-readable,Check Sudoers File Readability,post-exploit,enumeration,MEDIUM,False,other,5,commands/post-exploit/auto-generated-full-syntax-post-exploit.json
chown-file,Change File Ownership,custom,N/A,MEDIUM,False,other,5,commands/utilities/system-utilities.json
concept-calculation,Calculate Safe Limits,utilities,N/A,MEDIUM,False,other,5,commands/utilities/concept-commands.json
concept-enumeration,Active Directory Enumeration,utilities,N/A,MEDIUM,False,other,5,commands/utilities/concept-commands.json
concept-wait-timer,Wait for Observation Window,utilities,N/A,MEDIUM,False,other,5,commands/utilities/concept-commands.json
cron-log-recent,View Recent Cron Executions,monitoring,scheduled-tasks,MEDIUM,False,other,5,commands/monitoring/scheduled-tasks.json
curl-insecure-ssl,Curl Insecure SSL Download,post-exploit,data-exfiltration,MEDIUM,False,curl,5,commands/post-exploit/auto-generated-full-syntax-post-exploit.json
curl-t-file,Curl T File,post-exploit,data-exfiltration,MEDIUM,False,curl,5,commands/post-exploit/auto-generated-full-syntax-post-exploit.json
curl-url-bash,Curl Url Bash,post-exploit,data-exfiltration,MEDIUM,False,curl,5,commands/post-exploit/auto-generated-full-syntax-post-exploit.json
curl-url-o,Curl Url O,post-exploit,data-exfiltration,MEDIUM,False,curl,5,commands/post-exploit/auto-generated-full-syntax-post-exploit.json
curl-via-php,Curl Via Php,post-exploit,data-exfiltration,MEDIUM,False,curl,5,commands/post-exploit/auto-generated-full-syntax-post-exploit.json
df-disk-usage,Disk Space Usage,monitoring,resource-monitoring,MEDIUM,False,other,5,commands/monitoring/resource-monitoring.json
dmesg-kernel-messages,View Kernel Ring Buffer,monitoring,log-monitoring,MEDIUM,False,other,5,commands/monitoring/log-monitoring.json
dns-zone-transfer-dig,DNS Zone Transfer Attempt,recon,N/A,MEDIUM,False,other,5,commands/recon.json
du-directory-usage,Directory Disk Usage,monitoring,resource-monitoring,MEDIUM,False,other,5,commands/monitoring/resource-monitoring.json
enable-psremoting,Enable PowerShell Remoting,post-exploit,N/A,MEDIUM,False,other,5,commands/active-directory/ad-powershell-remoting.json
file-rename-extension,Rename File Extension,utilities,file-operations,MEDIUM,True,other,5,commands/utilities/basic-commands.json
file-transfer-base64,Base64 Encode/Decode Transfer,post-exploit,exfiltration,MEDIUM,False,other,5,commands/post-exploit/exfiltration.json
file-transfer-bitsadmin,Windows: bitsadmin Download,post-exploit,exfiltration,MEDIUM,False,other,5,commands/post-exploit/exfiltration.json
file-transfer-dev-tcp,Linux: /dev/tcp Download,post-exploit,exfiltration,MEDIUM,False,other,5,commands/post-exploit/exfiltration.json
file-transfer-nc-pull,Netcat: Pull File from Target,post-exploit,exfiltration,MEDIUM,False,other,5,commands/post-exploit/exfiltration.json
file-transfer-php,PHP Upload Script,post-exploit,exfiltration,MEDIUM,False,other,5,commands/post-exploit/exfiltration.json
file-transfer-scp,Linux: SCP Transfer,post-exploit,exfiltration,MEDIUM,False,other,5,commands/post-exploit/exfiltration.json
ftp-connect,FTP Connection,enumeration,N/A,MEDIUM,False,other,5,commands/utilities/network-utilities.json
gem-install,Install Ruby Gem,custom,N/A,MEDIUM,False,other,5,commands/utilities/package-utilities.json
get-hotfix,Get Installed Hotfixes,enumeration,N/A,MEDIUM,False,other,5,commands/post-exploit/windows-powershell-cmdlets.json
get-process,Get Running Processes,enumeration,N/A,MEDIUM,False,other,5,commands/post-exploit/windows-powershell-cmdlets.json
hash-identifier,Identify Hash Type,enumeration,N/A,MEDIUM,False,other,5,commands/enumeration/password-attacks-hash-formatting.json
journalctl-priority-filter,Filter Journal by Priority,monitoring,log-monitoring,MEDIUM,False,other,5,commands/monitoring/log-monitoring.json
journalctl-time-range,View Journal by Time Range,monitoring,log-monitoring,MEDIUM,False,other,5,commands/monitoring/log-monitoring.json
last-login-history,Login History,monitoring,resource-monitoring,MEDIUM,False,other,5,commands/monitoring/resource-monitoring.json
linux-capabilities,Enumerate File Capabilities,post-exploit,linux,MEDIUM,False,other,5,commands/post-exploit/linux.json
linux-ld-preload,LD_PRELOAD Privilege Escalation,post-exploit,linux,MEDIUM,False,other,5,commands/post-exploit/linux.json
linux-mysql-root,MySQL Running as Root,post-exploit,linux,MEDIUM,False,other,5,commands/post-exploit/linux.json
linux-nfs-no-root-squash,Check NFS for no_root_squash,post-exploit,linux,MEDIUM,False,other,5,commands/post-exploit/linux.json
linux-pspy,Monitor Processes with pspy,post-exploit,linux,MEDIUM,False,other,5,commands/post-exploit/linux.json
linux-ssh-keys,Search for SSH Private Keys,post-exploit,linux,MEDIUM,False,other,5,commands/post-exploit/linux.json
linux-systemd-timers,List systemd Timers,monitoring,scheduled-tasks,MEDIUM,False,other,5,commands/monitoring/scheduled-tasks.json
linux-writable-services,Find Writable Service Files,post-exploit,linux,MEDIUM,False,other,5,commands/post-exploit/linux.json
ln-symbolic,Create Symbolic Link,custom,N/A,MEDIUM,True,other,5,commands/utilities/system-utilities.json
lsof-user-files,Files Opened by User,monitoring,resource-monitoring,MEDIUM,False,other,5,commands/monitoring/resource-monitoring.json
mimikatz-sekurlsa-tickets-export,Mimikatz Export Kerberos Tickets,post-exploit,credential-harvesting,MEDIUM,False,mimikatz,5,commands/active-directory/mimikatz-credential-dump.json
mkdir-directory,Create Directory,custom,N/A,MEDIUM,False,other,5,commands/utilities/system-utilities.json
monitor-crack-progress,Monitor Cracking Progress,enumeration,N/A,MEDIUM,False,other,5,commands/enumeration/password-attacks-methodology.json
mv-file,Move/Rename File,custom,N/A,MEDIUM,False,other,5,commands/utilities/system-utilities.json
nikto-scan,Nikto Web Scanner,web,N/A,MEDIUM,False,nikto,5,commands/web/general.json
office2john-extract,Extract Microsoft Office Document Hash,enumeration,N/A,MEDIUM,False,other,5,commands/enumeration/password-attacks-hash-formatting.json
optimize-crack-performance,Optimize Hashcat Performance,enumeration,N/A,MEDIUM,False,other,5,commands/enumeration/password-attacks-methodology.json
perl-download,Perl Download,post-exploit,general-transfer,MEDIUM,False,other,5,commands/post-exploit/general-transfer.json
pidof-exact,Get PID by Exact Name,monitoring,process-enumeration,MEDIUM,False,other,5,commands/monitoring/process-enumeration.json
ps-compare-powerview-versions,PowerView Version Compatibility Check,enumeration,N/A,MEDIUM,False,ps,5,commands/enumeration/ad-powershell-nested-groups.json
ps-pid-details,Get Full Command for PID,monitoring,process-enumeration,MEDIUM,False,ps,5,commands/monitoring/process-enumeration.json
ps-registry-autologon,PowerShell Registry AutoLogon Credential Extraction,POST_EXPLOIT,CREDENTIAL_HARVESTING,MEDIUM,False,ps,5,commands/post-exploit/ps-registry-autologon.json
ps-search-credentials,PowerShell Search Files for Credentials,POST_EXPLOIT,CREDENTIAL_HARVESTING,MEDIUM,False,ps,5,commands/post-exploit/ps-search-credentials.json
ps-sort-cpu,Top CPU Consumers,monitoring,resource-monitoring,MEDIUM,False,ps,5,commands/monitoring/resource-monitoring.json
ps-sort-memory,Top Memory Consumers,monitoring,resource-monitoring,MEDIUM,False,ps,5,commands/monitoring/resource-monitoring.json
ps-wmi-cimsession-setup,PowerShell WMI CIM Session Creation,LATERAL_MOVEMENT,WMI,MEDIUM,False,ps,5,commands/lateral-movement/ps-wmi-cimsession-setup.json
ps-wmi-invoke-method,PowerShell WMI Remote Process Creation,LATERAL_MOVEMENT,WMI,MEDIUM,False,ps,5,commands/lateral-movement/ps-wmi-invoke-method.json
psloggedon,Enumerate Logged-On Users (PsLoggedOn),enumeration,N/A,MEDIUM,False,ps,5,commands/enumeration/ad-session-share-enum.json
python-m-simplehttpserver,Python Simple HTTP Server,post-exploit,data-exfiltration,MEDIUM,False,other,5,commands/post-exploit/auto-generated-full-syntax-post-exploit.json
python-m-simplehttpserver-2,Python Simple HTTP Server,post-exploit,data-exfiltration,MEDIUM,False,other,5,commands/post-exploit/auto-generated-full-syntax-post-exploit.json
rar2john-extract,Extract Encrypted RAR Hash,enumeration,N/A,MEDIUM,False,other,5,commands/enumeration/password-attacks-hash-formatting.json
rm-file,Remove File,custom,N/A,MEDIUM,False,other,5,commands/utilities/system-utilities.json
rule-duplicate-word,Duplicate Word Rule,enumeration,N/A,MEDIUM,False,other,5,commands/enumeration/password-attacks-wordlist-rules.json
rule-leet-speak,Leet Speak (1337) Substitution Rule,enumeration,N/A,MEDIUM,False,other,5,commands/enumeration/password-attacks-wordlist-rules.json
scp-transfer,SCP Secure Copy,post-exploit,general-transfer,MEDIUM,False,other,5,commands/post-exploit/general-transfer.json
sed-replace,Stream Editor Replace,custom,N/A,MEDIUM,False,other,5,commands/utilities/text-processing-utilities.json
session-management,Manage Long-Running Crack Sessions,enumeration,N/A,MEDIUM,False,other,5,commands/enumeration/password-attacks-methodology.json
snmp-enum,SNMP Enumeration,recon,N/A,MEDIUM,False,other,5,commands/recon.json
ss-established-connections,Show Established Connections,monitoring,network-monitoring,MEDIUM,False,other,5,commands/monitoring/network-monitoring.json
systemctl-enabled-services,List Enabled (Auto-Start) Services,monitoring,service-enumeration,MEDIUM,False,other,5,commands/monitoring/service-enumeration.json
tail-follow-multiple,Follow Multiple Log Files,monitoring,log-monitoring,MEDIUM,False,other,5,commands/monitoring/log-monitoring.json
tar-create,Create Tar Archive,custom,N/A,MEDIUM,False,other,5,commands/utilities/system-utilities.json
tr-characters,Translate Characters,custom,N/A,MEDIUM,False,other,5,commands/utilities/text-processing-utilities.json
vbscript-download,VBScript Download (Windows),post-exploit,general-transfer,MEDIUM,False,other,5,commands/post-exploit/general-transfer.json
w-user-activity,User Activity (Who is Logged In),monitoring,resource-monitoring,MEDIUM,False,other,5,commands/monitoring/resource-monitoring.json
wget-url-o,Wget Url O,post-exploit,data-exfiltration,MEDIUM,False,wget,5,commands/post-exploit/auto-generated-full-syntax-post-exploit.json
wget-via-php,Wget Via Php,post-exploit,data-exfiltration,MEDIUM,False,wget,5,commands/post-exploit/auto-generated-full-syntax-post-exploit.json
whoami-all,Windows User Enumeration (Full),post-exploit,enumeration,MEDIUM,False,other,5,commands/post-exploit/auto-generated-full-syntax-post-exploit.json
whois-domain,WHOIS Lookup,recon,N/A,MEDIUM,False,other,5,commands/utilities/network-utilities.json
win-dll-hijacking,DLL Hijacking Opportunities,post-exploit,windows,MEDIUM,False,other,5,commands/post-exploit/windows.json
win-kernel-exploits,Check for Kernel Exploits,post-exploit,windows,MEDIUM,False,other,5,commands/post-exploit/windows.json
win-password-files,Search for Password Files,post-exploit,windows,MEDIUM,False,other,5,commands/post-exploit/windows.json
win-ps-scheduled-task-info,PowerShell Scheduled Task Details,monitoring,scheduled-tasks,MEDIUM,False,other,5,commands/monitoring/scheduled-tasks.json
win-registry-autologon,Search Registry for Passwords,post-exploit,windows,MEDIUM,False,other,5,commands/post-exploit/windows.json
win-saved-credentials,Check Saved Credentials,post-exploit,windows,MEDIUM,False,other,5,commands/post-exploit/windows.json
win-scheduled-tasks,Enumerate Scheduled Tasks,post-exploit,windows,MEDIUM,False,other,5,commands/post-exploit/windows.json
win-schtasks-task-xml,Export Scheduled Task XML,monitoring,scheduled-tasks,MEDIUM,False,other,5,commands/monitoring/scheduled-tasks.json
windows-dll-hijacking,DLL Hijacking Check,post-exploit,windows,MEDIUM,False,other,5,commands/post-exploit/windows.json
windows-dpapi-masterkeys,DPAPI Master Keys,post-exploit,windows,MEDIUM,False,other,5,commands/post-exploit/windows.json
wordlist-effectiveness,Estimate Wordlist Effectiveness,enumeration,N/A,MEDIUM,False,other,5,commands/enumeration/password-attacks-methodology.json
xss-test,XSS Basic Test,web,N/A,MEDIUM,False,other,5,commands/web/general.json
7zip-listfile-research,Research 7zip listfile Option,utilities,machine-specific,LOW,True,other,5,commands/utilities/basic-commands.json
base64-decode-hash,Base64 Decode Hash,enumeration,N/A,LOW,False,other,5,commands/enumeration/password-attacks-hash-formatting.json
binary-dynamic-analysis,Dynamic Binary Analysis,utilities,machine-specific,LOW,True,other,5,commands/utilities/basic-commands.json
brew-install,Install Package with Homebrew,custom,N/A,LOW,False,other,5,commands/utilities/package-utilities.json
cargo-install,Install Rust Package,custom,N/A,LOW,False,other,5,commands/utilities/package-utilities.json
chkconfig-list-sysv,SysV Runlevel Configuration,monitoring,service-enumeration,LOW,False,other,5,commands/monitoring/service-enumeration.json
concept-authentication,Authenticate to Domain,utilities,N/A,LOW,False,other,5,commands/utilities/concept-commands.json
concept-decision,Choose Attack Method,utilities,N/A,LOW,False,other,5,commands/utilities/concept-commands.json
concept-filter-accounts,Filter Service Accounts,utilities,N/A,LOW,False,other,5,commands/utilities/concept-commands.json
debug-exe-transfer,Debug.exe File Creation (Windows),post-exploit,general-transfer,LOW,False,other,5,commands/post-exploit/general-transfer.json
dmesg-follow,Follow Kernel Messages (Real-Time),monitoring,log-monitoring,LOW,False,other,5,commands/monitoring/log-monitoring.json
dns-exfiltration,DNS Exfiltration,post-exploit,general-transfer,LOW,False,other,5,commands/post-exploit/general-transfer.json
file-transfer-ftp,FTP Transfer,post-exploit,exfiltration,LOW,False,other,5,commands/post-exploit/exfiltration.json
iostat-disk-stats,I/O Statistics (Disk Activity),monitoring,resource-monitoring,LOW,False,other,5,commands/monitoring/resource-monitoring.json
linux-at-jobs-list,List Linux AT Jobs,monitoring,scheduled-tasks,LOW,False,other,5,commands/monitoring/scheduled-tasks.json
linux-mysql-udf,MySQL User Defined Function Exploit,post-exploit,linux,LOW,False,other,5,commands/post-exploit/linux.json
npm-install,Install Node Package,custom,N/A,LOW,False,other,5,commands/utilities/package-utilities.json
pdf2john-extract,Extract PDF Password Hash,enumeration,N/A,LOW,False,other,5,commands/enumeration/password-attacks-hash-formatting.json
python-hash-generator,Generate Hash for Testing,enumeration,N/A,LOW,False,other,5,commands/enumeration/password-attacks-hash-formatting.json
touch-file,Create Empty File,custom,N/A,LOW,True,other,5,commands/utilities/system-utilities.json
vmstat-cpu-monitoring,Virtual Memory Statistics,monitoring,resource-monitoring,LOW,False,other,5,commands/monitoring/resource-monitoring.json
wc-file,Count Lines/Words/Characters,custom,N/A,LOW,False,other,5,commands/utilities/system-utilities.json
win-wmic-scheduled-job,WMIC AT Jobs (Legacy),monitoring,scheduled-tasks,LOW,False,other,5,commands/monitoring/scheduled-tasks.json
amsi-base64-staging,Base64 AMSI Bypass Staging,amsi-bypass,N/A,UNKNOWN,False,other,5,commands/av-evasion/amsi-bypass.json
amsi-context-corruption,AMSI Context Corruption (Reflection),amsi-bypass,N/A,UNKNOWN,False,other,5,commands/av-evasion/amsi-bypass.json
amsi-init-failed,AMSI Initialization Bypass,amsi-bypass,N/A,UNKNOWN,False,other,5,commands/av-evasion/amsi-bypass.json
amsi-jscript-registry,AMSI Bypass for JScript (Registry),amsi-bypass,N/A,UNKNOWN,False,other,5,commands/av-evasion/amsi-bypass.json
amsi-memory-patch,AMSI Memory Patching (AmsiScanBuffer),amsi-bypass,N/A,UNKNOWN,False,other,5,commands/av-evasion/amsi-bypass.json
amsi-test-payload,AMSI Test Payload,amsi-bypass,N/A,UNKNOWN,False,other,5,commands/av-evasion/amsi-bypass.json
at-command-utility,AT Command-Line Scheduler,monitoring,scheduled-tasks,UNKNOWN,False,other,5,commands/monitoring/auto-generated-full-syntax-monitoring.json
autorecon-full,AutoRecon - Automated Enumeration,recon,automated,UNKNOWN,False,other,5,commands/generated/recon-additions.json
bitsadmin-download,Bitsadmin - Download File,file-transfer,windows,UNKNOWN,False,other,5,commands/generated/file-transfer-additions.json
bloodhound-ingest,BloodHound - Ingest Data,active-directory,enumeration,UNKNOWN,False,bloodhound,5,commands/generated/active-directory-additions.json
bloodhound-query,BloodHound - Query Paths,active-directory,enumeration,UNKNOWN,False,bloodhound,5,commands/generated/active-directory-additions.json
cap-exploit,Capabilities - Exploit Binary,privilege-escalation,linux,UNKNOWN,False,other,5,commands/generated/privilege-escalation-additions.json
cap-exploit-dac-override-passwd-edit,Exploit cap_dac_override by Editing /etc/passwd,post-exploit,privilege-escalation,UNKNOWN,False,other,5,commands/post-exploit/linux-capabilities-commands.json
cap-find,Capabilities - Find Binaries,privilege-escalation,linux,UNKNOWN,False,other,5,commands/generated/privilege-escalation-additions.json
cat-etc-os,Cat Etc Os,post-exploit,general,UNKNOWN,False,other,5,commands/post-exploit/auto-generated-full-syntax-post-exploit.json
cat-proc-loadavg,View System Load Average,monitoring,resource-monitoring,UNKNOWN,False,other,5,commands/monitoring/auto-generated-full-syntax-monitoring.json
cat-proc-meminfo,View Detailed Memory Information,monitoring,resource-monitoring,UNKNOWN,False,other,5,commands/monitoring/auto-generated-full-syntax-monitoring.json
cat-wtmp-utmpdump,Parse WTMP Login Records,monitoring,log-monitoring,UNKNOWN,False,other,5,commands/monitoring/auto-generated-full-syntax-monitoring.json
check-integrity-level,Check Process Integrity Level,uac-bypass,N/A,UNKNOWN,False,other,5,commands/av-evasion/uac-bypass.json
clamscan-test,ClamAV Signature Test,signature-evasion,N/A,UNKNOWN,False,other,5,commands/av-evasion/signature-evasion.json
cme-smb,CrackMapExec - SMB Brute Force,password-attacks,credential-spraying,UNKNOWN,False,other,5,commands/generated/password-attacks-additions.json
cme-smb-shares,CrackMapExec - Enumerate SMB Shares,active-directory,lateral-movement,UNKNOWN,False,other,5,commands/exploitation/ad-lateral-movement-psexec.json
cme-smb-users,CrackMapExec - Enumerate Users,active-directory,enumeration,UNKNOWN,False,other,5,commands/generated/active-directory-additions.json
cme-ssh,CrackMapExec - SSH Brute Force,password-attacks,credential-spraying,UNKNOWN,False,other,5,commands/generated/password-attacks-additions.json
cme-winrm,CrackMapExec - WinRM Brute Force,password-attacks,credential-spraying,UNKNOWN,False,other,5,commands/generated/password-attacks-additions.json
compile-csharp-runner,Compile C# Shellcode Runner,shellcode-runners,N/A,UNKNOWN,False,other,5,commands/av-evasion/shellcode-runners.json
cron-enum,Cronjobs - Enumerate,privilege-escalation,linux,UNKNOWN,False,other,5,commands/generated/privilege-escalation-additions.json
csharp-caesar-encrypt,C# Caesar Cipher Encryption,shellcode-runners,N/A,UNKNOWN,False,other,5,commands/av-evasion/shellcode-runners.json
csharp-non-emulated-api,C# Non-Emulated API Check,shellcode-runners,N/A,UNKNOWN,False,other,5,commands/av-evasion/shellcode-runners.json
csharp-shellcode-runner-basic,C# Shellcode Runner (Basic),shellcode-runners,N/A,UNKNOWN,False,other,5,commands/av-evasion/shellcode-runners.json
csharp-sleep-timer,C# Sleep Timer Evasion,shellcode-runners,N/A,UNKNOWN,False,other,5,commands/av-evasion/shellcode-runners.json
csharp-xor-encrypt,C# XOR Encryption,shellcode-runners,N/A,UNKNOWN,False,other,5,commands/av-evasion/shellcode-runners.json
curl-get,Curl - HTTP GET Request,web,http-client,UNKNOWN,False,curl,5,commands/generated/web-additions.json
curl-headers,Curl - View HTTP Headers,web,http-client,UNKNOWN,False,curl,5,commands/generated/web-additions.json
curl-post,cURL POST Request,web,N/A,UNKNOWN,False,curl,5,commands/web/general.json
curl-ua-poison-nginx,Nginx User-Agent Log Poisoning,web,N/A,UNKNOWN,False,curl,5,commands/web/log-poisoning.json
dcom-mmc20-calc-poc,DCOM - MMC20.Application Calculator PoC,active-directory,lateral-movement,UNKNOWN,False,other,5,commands/exploitation/ad-lateral-movement-dcom.json
dcom-shellwindows,DCOM - ShellWindows COM Object,active-directory,lateral-movement,UNKNOWN,False,other,5,commands/exploitation/ad-lateral-movement-dcom.json
dcom-verify-rpc-port,DCOM - Verify RPC Port 135 Accessible,active-directory,lateral-movement,UNKNOWN,False,other,5,commands/exploitation/ad-lateral-movement-dcom.json
dig-domain-enum,Dig - Domain Enumeration,recon,dns,UNKNOWN,False,other,5,commands/generated/recon-additions.json
dig-zone-transfer,Dig - DNS Zone Transfer,recon,dns,UNKNOWN,False,other,5,commands/generated/recon-additions.json
dir-s-b,Dir S B,post-exploit,general,UNKNOWN,False,other,5,commands/post-exploit/auto-generated-full-syntax-post-exploit.json
dnsenum-domain,DNSenum - Domain Enumeration,recon,dns,UNKNOWN,False,other,5,commands/generated/recon-additions.json
droopescan-enumerate,Droopescan - CMS Scanner,web,cms-enumeration,UNKNOWN,False,other,5,commands/generated/web-additions.json
enumerate-capabilities,Enumerate Linux File Capabilities,post-exploit,privilege-escalation,UNKNOWN,False,other,5,commands/post-exploit/linux-capabilities-commands.json
eventvwr-uac-bypass,EventVwr UAC Bypass,uac-bypass,N/A,UNKNOWN,False,other,5,commands/av-evasion/uac-bypass.json
evil-winrm-shell,Evil-WinRM - PowerShell Remoting,active-directory,lateral-movement,UNKNOWN,False,other,5,commands/generated/active-directory-additions.json
execute-cap-exploit,Execute Capability Exploitation,post-exploit,privilege-escalation,UNKNOWN,False,other,5,commands/post-exploit/linux-capabilities-commands.json
ffuf-param-fuzz,Ffuf - Parameter Fuzzing,web,fuzzing,UNKNOWN,False,other,5,commands/generated/web-additions.json
ffuf-vhost-fuzz,Ffuf - Virtual Host Discovery,web,fuzzing,UNKNOWN,False,other,5,commands/generated/web-additions.json
filter-exploitable-caps,Filter Exploitable Capabilities,post-exploit,privilege-escalation,UNKNOWN,False,other,5,commands/post-exploit/linux-capabilities-commands.json
find-all-cron-files,Find All Cron Configuration Files,monitoring,scheduled-tasks,UNKNOWN,False,other,5,commands/monitoring/auto-generated-full-syntax-monitoring.json
find-av-signature,Find-AVSignature (Binary Signature Location),signature-evasion,N/A,UNKNOWN,False,other,5,commands/av-evasion/signature-evasion.json
find-etc-name,Find Etc Name,post-exploit,general,UNKNOWN,False,other,5,commands/post-exploit/auto-generated-full-syntax-post-exploit.json
find-path-name,Find Path Name,post-exploit,credential-dumping,UNKNOWN,False,other,5,commands/post-exploit/auto-generated-full-syntax-post-exploit.json
find-path-name-2,Find Path Name 2,post-exploit,credential-dumping,UNKNOWN,False,other,5,commands/post-exploit/auto-generated-full-syntax-post-exploit.json
firewalld-add-port,Firewalld - Add Port Rule,post-exploitation,firewall,UNKNOWN,False,other,5,commands/firewall.json
firewalld-port-forward,Firewalld - Port Forwarding,post-exploitation,firewall,UNKNOWN,False,other,5,commands/firewall.json
fodhelper-uac-bypass,FodHelper UAC Bypass,uac-bypass,N/A,UNKNOWN,False,other,5,commands/av-evasion/uac-bypass.json
frida-trace-amsi,Frida Trace AMSI Functions,debugging,N/A,UNKNOWN,False,other,5,commands/av-evasion/debugging.json
getcap-specific-binary,Check Specific Binary Capabilities,post-exploit,N/A,UNKNOWN,False,other,5,commands/utilities/extracted-utilities.json
getent-passwd-grep,Getent Passwd Grep,post-exploit,credential-dumping,UNKNOWN,False,other,5,commands/post-exploit/auto-generated-full-syntax-post-exploit.json
getnpusers-asreproast,Impacket GetNPUsers - AS-REP Roasting,active-directory,kerberos-attacks,UNKNOWN,False,other,5,commands/generated/active-directory-additions.json
getuserspns-kerberoast,Impacket GetUserSPNs - Kerberoasting,active-directory,kerberos-attacks,UNKNOWN,False,other,5,commands/generated/active-directory-additions.json
gtfobins-cap-lookup,GTFOBins Capabilities Lookup,post-exploit,privilege-escalation,UNKNOWN,False,other,5,commands/post-exploit/linux-capabilities-commands.json
gtfobins-lookup,GTFOBins - Lookup,privilege-escalation,linux,UNKNOWN,False,other,5,commands/generated/privilege-escalation-additions.json
hash-identifier-run,Hash Identifier - Interactive,password-attacks,hash-identification,UNKNOWN,False,other,5,commands/generated/password-attacks-additions.json
impacket-smbserver,Impacket SMB Server,file-transfer,smb,UNKNOWN,False,impacket,5,commands/generated/file-transfer-additions.json
import-powerup-2,Import Powerup 2,post-exploit,enumeration,UNKNOWN,False,other,5,commands/post-exploit/auto-generated-full-syntax-post-exploit.json
iptables-delete-rule,IPTables - Delete Rule by Number,post-exploitation,firewall,UNKNOWN,False,other,5,commands/firewall.json
iptables-flush-all,IPTables - Flush All Rules,post-exploitation,firewall,UNKNOWN,False,other,5,commands/firewall.json
iptables-port-forward,IPTables - Port Forwarding,post-exploitation,firewall,UNKNOWN,False,other,5,commands/firewall.json
joomscan-enumerate,Joomscan - Joomla Scanner,web,cms-enumeration,UNKNOWN,False,other,5,commands/generated/web-additions.json
journalctl-failed-password,Search Failed Password Attempts,monitoring,log-monitoring,UNKNOWN,False,other,5,commands/monitoring/auto-generated-full-syntax-monitoring.json
journalctl-ssh-failed-logins,Filter SSH Failed Login Attempts,monitoring,log-monitoring,UNKNOWN,False,other,5,commands/monitoring/auto-generated-full-syntax-monitoring.json
journalctl-sudo-commands,Search Sudo Command Execution Logs,monitoring,log-monitoring,UNKNOWN,False,other,5,commands/monitoring/auto-generated-full-syntax-monitoring.json
jscript-amsi-registry-bypass,JScript AMSI Registry Bypass,jscript-evasion,N/A,UNKNOWN,False,other,5,commands/av-evasion/jscript-evasion.json
jscript-com-execution,JScript COM Object Execution,jscript-evasion,N/A,UNKNOWN,False,other,5,commands/av-evasion/jscript-evasion.json
jscript-self-modifying-exe,JScript Self-Modifying Executable,jscript-evasion,N/A,UNKNOWN,False,other,5,commands/av-evasion/jscript-evasion.json
jscript-wsh-obfuscation,JScript String Obfuscation,jscript-evasion,N/A,UNKNOWN,False,other,5,commands/av-evasion/jscript-evasion.json
kerberos-klist-verify,Kerberos - List Cached Tickets (klist),active-directory,lateral-movement,UNKNOWN,False,other,5,commands/exploitation/ad-lateral-movement-kerberos.json
kerberos-purge-tickets,Kerberos - Purge All Tickets,active-directory,lateral-movement,UNKNOWN,False,other,5,commands/exploitation/ad-lateral-movement-kerberos.json
kerberos-troubleshoot-time,Kerberos - Troubleshoot Time Skew,active-directory,lateral-movement,UNKNOWN,False,other,5,commands/exploitation/ad-lateral-movement-kerberos.json
kerbrute-bruteuser,Kerbrute - Password Spray,password-attacks,active-directory,UNKNOWN,False,kerbrute,5,commands/generated/password-attacks-additions.json
kerbrute-userenum,Kerbrute - User Enumeration,password-attacks,active-directory,UNKNOWN,False,kerbrute,5,commands/generated/password-attacks-additions.json
kernel-exploit-search,Kernel Exploit - Search,privilege-escalation,linux,UNKNOWN,False,other,5,commands/generated/privilege-escalation-additions.json
lateral-movement-port-check,Helper - Quick Port Check for Lateral Movement Options,active-directory,lateral-movement,UNKNOWN,False,other,5,commands/exploitation/ad-lateral-movement-helpers.json
lateral-movement-troubleshooting,Helper - Troubleshoot Common Lateral Movement Failures,active-directory,lateral-movement,UNKNOWN,False,other,5,commands/exploitation/ad-lateral-movement-helpers.json
ldapsearch-ad,LDAP Search - AD Enumeration,active-directory,enumeration,UNKNOWN,False,other,5,commands/generated/active-directory-additions.json
ldapsearch-basic,LDAP Search - Basic Enumeration,recon,ldap,UNKNOWN,False,other,5,commands/generated/recon-additions.json
ldapsearch-dump,LDAP Search - Full Dump,recon,ldap,UNKNOWN,False,other,5,commands/generated/recon-additions.json
les-run,Linux Exploit Suggester,post-exploitation,enumeration-linux,UNKNOWN,False,other,5,commands/generated/post-exploitation-additions.json
lfi-access-log-apache,LFI Read Apache Access Log,web,N/A,UNKNOWN,False,other,5,commands/web/log-poisoning.json
lfi-access-log-nginx,LFI Read Nginx Access Log,web,N/A,UNKNOWN,False,other,5,commands/web/log-poisoning.json
lfi-auth-log,LFI Read SSH Auth Log,web,N/A,UNKNOWN,False,other,5,commands/web/log-poisoning.json
lfi-proc-environ,LFI Read /proc/self/environ,web,N/A,UNKNOWN,False,other,5,commands/web/log-poisoning.json
lfi-rce-trigger,LFI Trigger RCE After Log Poisoning,web,N/A,UNKNOWN,False,other,5,commands/web/log-poisoning.json
linenum-run,LinEnum - Linux Enumeration,post-exploitation,enumeration-linux,UNKNOWN,False,other,5,commands/generated/post-exploitation-additions.json
linpeas-run,LinPEAS - Linux Privilege Escalation,post-exploitation,enumeration-linux,UNKNOWN,False,linpeas,5,commands/generated/post-exploitation-additions.json
lolbas-lookup,LOLBAS - Lookup,privilege-escalation,windows,UNKNOWN,False,other,5,commands/generated/privilege-escalation-additions.json
ls-at-spool-directory,List AT Job Spool Directory,monitoring,scheduled-tasks,UNKNOWN,False,other,5,commands/monitoring/auto-generated-full-syntax-monitoring.json
ls-la-root,Ls La Root,post-exploit,general,UNKNOWN,False,other,5,commands/post-exploit/auto-generated-full-syntax-post-exploit.json
ls-la-root-2,Ls La Root 2,post-exploit,general,UNKNOWN,False,other,5,commands/post-exploit/auto-generated-full-syntax-post-exploit.json
medusa-smb,Medusa - SMB Brute Force,password-attacks,brute-force,UNKNOWN,False,other,5,commands/generated/password-attacks-additions.json
medusa-ssh,Medusa - SSH Brute Force,password-attacks,brute-force,UNKNOWN,False,other,5,commands/generated/password-attacks-additions.json
meterpreter-cat,Display File Contents,exploitation,metasploit,UNKNOWN,False,other,5,commands/exploitation/metasploit-meterpreter.json
meterpreter-help,Display Meterpreter Help,exploitation,metasploit,UNKNOWN,False,other,5,commands/exploitation/metasploit-meterpreter.json
meterpreter-idletime,Check User Idle Time,exploitation,metasploit,UNKNOWN,False,other,5,commands/exploitation/metasploit-meterpreter.json
meterpreter-load-kiwi,Load Kiwi Extension (Mimikatz),exploitation,metasploit,UNKNOWN,False,other,5,commands/exploitation/metasploit-meterpreter.json
meterpreter-portfwd-add,Forward Port Through Compromised Host,exploitation,metasploit,UNKNOWN,False,other,5,commands/exploitation/metasploit-meterpreter.json
meterpreter-screenshot,Capture Screenshot,exploitation,metasploit,UNKNOWN,False,other,5,commands/exploitation/metasploit-meterpreter.json
meterpreter-shell,Drop to System Shell,exploitation,metasploit,UNKNOWN,False,other,5,commands/exploitation/metasploit-meterpreter.json
modify-signature-bytes,Modify Signature Bytes (PowerShell),signature-evasion,N/A,UNKNOWN,False,other,5,commands/av-evasion/signature-evasion.json
msf-handler-exitonsession,Handler with ExitOnSession Control,exploitation,metasploit,UNKNOWN,False,other,5,commands/exploitation/metasploit-handlers.json
msf-jobs-list,List Background Jobs,exploitation,metasploit,UNKNOWN,False,other,5,commands/exploitation/metasploit-exploits.json
msf-session-kill,Kill Active Session,exploitation,metasploit,UNKNOWN,False,other,5,commands/exploitation/metasploit-handlers.json
msf-session-script,Run Script on Session,exploitation,metasploit,UNKNOWN,False,other,5,commands/exploitation/metasploit-handlers.json
msfconsole-exploit,Metasploit - Run Exploit,exploitation,metasploit,UNKNOWN,False,other,5,commands/generated/exploitation-additions.json
msfconsole-search,Metasploit - Search Modules,exploitation,metasploit,UNKNOWN,False,other,5,commands/generated/exploitation-additions.json
msfvenom-bad-chars,Generate Payload Avoiding Bad Characters,exploitation,metasploit,UNKNOWN,False,other,5,commands/exploitation/metasploit-payloads.json
msfvenom-csharp-payload,Generate msfvenom C# Shellcode,shellcode-runners,N/A,UNKNOWN,False,other,5,commands/av-evasion/shellcode-runners.json
msfvenom-custom-template,Inject Payload into Custom Template,exploitation,metasploit,UNKNOWN,False,other,5,commands/exploitation/metasploit-payloads.json
msfvenom-encode,Encode Payload for AV Evasion,exploitation,metasploit,UNKNOWN,False,other,5,commands/exploitation/metasploit-payloads.json
msfvenom-encoder-shikata,msfvenom Shikata Ga Nai Encoder (x86),signature-evasion,N/A,UNKNOWN,False,other,5,commands/av-evasion/signature-evasion.json
msfvenom-encoder-zutto,msfvenom Zutto Dekiru Encoder (x64),signature-evasion,N/A,UNKNOWN,False,other,5,commands/av-evasion/signature-evasion.json
msfvenom-encrypt-aes,msfvenom AES256 Encryption,signature-evasion,N/A,UNKNOWN,False,other,5,commands/av-evasion/signature-evasion.json
msfvenom-linux-shell,Msfvenom - Linux Reverse Shell,exploitation,payload-generation,UNKNOWN,False,other,5,commands/generated/exploitation-additions.json
msfvenom-staged,Msfvenom - Staged Payload,exploitation,payload-generation,UNKNOWN,False,other,5,commands/generated/exploitation-additions.json
msfvenom-template-injection,msfvenom Template Injection,signature-evasion,N/A,UNKNOWN,False,other,5,commands/av-evasion/signature-evasion.json
msfvenom-windows-meterpreter,Generate Windows Meterpreter Executable,exploitation,metasploit,UNKNOWN,False,other,5,commands/exploitation/metasploit-payloads.json
msfvenom-windows-shell,Msfvenom - Windows Reverse Shell,exploitation,payload-generation,UNKNOWN,False,other,5,commands/generated/exploitation-additions.json
nc-bind-shell,Netcat - Bind Shell,exploitation,shells,UNKNOWN,False,nc,5,commands/generated/exploitation-additions.json
nc-listener-tcp,Helper - Netcat TCP Listener for Reverse Shells,active-directory,lateral-movement,UNKNOWN,False,nc,5,commands/exploitation/ad-lateral-movement-helpers.json
netsh-firewall-add-rule,Netsh - Add Firewall Allow Rule,post-exploitation,firewall,UNKNOWN,False,other,5,commands/firewall.json
netsh-firewall-delete-rule,Netsh - Delete Firewall Rule,post-exploitation,firewall,UNKNOWN,False,other,5,commands/firewall.json
netsh-firewall-disable,Netsh - Disable Windows Firewall,post-exploitation,firewall,UNKNOWN,False,other,5,commands/firewall.json
netsh-firewall-port-forward,Netsh - Port Forwarding (Windows),post-exploitation,firewall,UNKNOWN,False,other,5,commands/firewall.json
netsh-portproxy-add,Netsh - Add Port Proxy (Port Forward),post-exploitation,firewall,UNKNOWN,False,other,5,commands/firewall.json
netsh-portproxy-show,Netsh - Show Port Proxy Rules,post-exploitation,firewall,UNKNOWN,False,other,5,commands/firewall.json
nikto-web-scan,Nikto - Web Vulnerability Scanner,web,vulnerability-scanning,UNKNOWN,False,nikto,5,commands/generated/web-additions.json
passticket-mimikatz-export,Pass-the-Ticket - Export Tickets (Mimikatz),active-directory,lateral-movement,UNKNOWN,False,other,5,commands/exploitation/ad-lateral-movement-kerberos.json
powershell-invoke-webrequest,PowerShell - Invoke-WebRequest,file-transfer,windows,UNKNOWN,False,powershell,5,commands/generated/file-transfer-additions.json
powerup-run,PowerUp - Windows Privesc Check,post-exploitation,enumeration-windows,UNKNOWN,False,other,5,commands/generated/post-exploitation-additions.json
privesccheck-run,PrivescCheck - Windows Enumeration,post-exploitation,enumeration-windows,UNKNOWN,False,other,5,commands/generated/post-exploitation-additions.json
proc-cmdline-all-processes,View All Process Command Lines,monitoring,process-monitoring,UNKNOWN,False,other,5,commands/monitoring/auto-generated-full-syntax-monitoring.json
proc-cmdline-specific-pid,View Specific Process Command Line,monitoring,process-monitoring,UNKNOWN,False,other,5,commands/monitoring/auto-generated-full-syntax-monitoring.json
ps-get-domain-dn-format,Convert Domain to Distinguished Name,enumeration,ldap-queries,UNKNOWN,False,ps,5,commands/enumeration/auto-generated-full-syntax-enumeration.json
psexec-shell,Impacket PSExec - Remote Shell,active-directory,lateral-movement,UNKNOWN,False,ps,5,commands/generated/active-directory-additions.json
psexec-verify-firewall,PSExec - Verify File and Printer Sharing Ports,active-directory,lateral-movement,UNKNOWN,False,ps,5,commands/exploitation/ad-lateral-movement-psexec.json
pspy-monitor,Pspy - Process Monitor,post-exploitation,enumeration-linux,UNKNOWN,False,ps,5,commands/generated/post-exploitation-additions.json
pth-verify-hash-format,Pass-the-Hash - Verify Hash Format,active-directory,lateral-movement,UNKNOWN,False,other,5,commands/exploitation/ad-lateral-movement-pth.json
revshell-ps-generator,Helper - Generate Base64 PowerShell Reverse Shell,active-directory,lateral-movement,UNKNOWN,False,other,5,commands/exploitation/ad-lateral-movement-helpers.json
rpcclient-enum,RPCClient - Enumerate SMB,active-directory,enumeration,UNKNOWN,False,other,5,commands/generated/active-directory-additions.json
run-directly-lhost,Run Directly Lhost,post-exploit,data-exfiltration,UNKNOWN,False,other,5,commands/post-exploit/auto-generated-full-syntax-post-exploit.json
sar-cpu-monitoring,SAR CPU Utilization Monitoring,monitoring,resource-monitoring,UNKNOWN,False,other,5,commands/monitoring/auto-generated-full-syntax-monitoring.json
sc-sdshow-service,Sc Sdshow Service,post-exploit,general,UNKNOWN,False,other,5,commands/post-exploit/auto-generated-full-syntax-post-exploit.json
scp-download,SCP - Download File,file-transfer,scp,UNKNOWN,False,other,5,commands/generated/file-transfer-additions.json
scp-upload,SCP - Upload File,file-transfer,scp,UNKNOWN,False,other,5,commands/generated/file-transfer-additions.json
searchsploit-search,Searchsploit - Search Exploits,exploitation,exploit-research,UNKNOWN,False,other,5,commands/generated/exploitation-additions.json
searchsploit-update,Searchsploit - Update Database,exploitation,exploit-research,UNKNOWN,False,other,5,commands/generated/exploitation-additions.json
seatbelt-run,Seatbelt - Windows Host Survey,post-exploitation,enumeration-windows,UNKNOWN,False,other,5,commands/generated/post-exploitation-additions.json
sharphound-collect,SharpHound - AD Data Collection,post-exploitation,active-directory,UNKNOWN,False,other,5,commands/generated/post-exploitation-additions.json
showmount-e-localhost,Showmount E Localhost,post-exploit,general,UNKNOWN,False,other,5,commands/post-exploit/auto-generated-full-syntax-post-exploit.json
smb-share-windows-list,List SMB Shares (Windows CLI),enumeration,smb-enumeration,UNKNOWN,False,other,5,commands/enumeration/auto-generated-full-syntax-enumeration.json
smbclient-connect,SMBClient - Connect to Share,active-directory,enumeration,UNKNOWN,False,smbclient,5,commands/generated/active-directory-additions.json
smbmap-shares,SMBMap - Enumerate Shares,active-directory,enumeration,UNKNOWN,False,smbmap,5,commands/generated/active-directory-additions.json
socat-file-transfer,Socat - File Transfer,exploitation,file-transfer,UNKNOWN,False,other,5,commands/generated/exploitation-additions.json
socat-tcp-listen,Socat Tcp Listen,post-exploit,data-exfiltration,UNKNOWN,False,other,5,commands/post-exploit/auto-generated-full-syntax-post-exploit.json
ssh-authlog-poison,SSH Auth Log Poisoning via Failed Login,web,N/A,UNKNOWN,False,ssh,5,commands/web/log-poisoning.json
strings-binary-analysis,Extract Strings from Binary,post-exploit,N/A,UNKNOWN,True,other,5,commands/utilities/extracted-utilities.json
suid-exploit,SUID - Exploit Binary,privilege-escalation,linux,UNKNOWN,False,other,5,commands/generated/privilege-escalation-additions.json
suid-find,SUID - Find Binaries,privilege-escalation,linux,UNKNOWN,False,other,5,commands/generated/privilege-escalation-additions.json
test-wsman,WinRM - Test-WSMan Verification,active-directory,lateral-movement,UNKNOWN,False,other,5,commands/exploitation/ad-lateral-movement-winrm.json
tftp-upload,TFTP - Upload File,file-transfer,tftp,UNKNOWN,False,other,5,commands/generated/file-transfer-additions.json
top-snapshot-cpu-sorted,Top CPU Consumers Snapshot,monitoring,resource-monitoring,UNKNOWN,False,other,5,commands/monitoring/auto-generated-full-syntax-monitoring.json
top-snapshot-memory-sorted,Top Memory Consumers Snapshot,monitoring,resource-monitoring,UNKNOWN,False,other,5,commands/monitoring/auto-generated-full-syntax-monitoring.json
uac-bypass-detection,Test UAC Bypass Detection,uac-bypass,N/A,UNKNOWN,False,other,5,commands/av-evasion/uac-bypass.json
ufw-disable,UFW - Disable Firewall,post-exploitation,firewall,UNKNOWN,False,other,5,commands/firewall.json
use-tar-to,Use Tar To,post-exploit,general,UNKNOWN,False,other,5,commands/post-exploit/auto-generated-full-syntax-post-exploit.json
use-with-i,Use With I,post-exploit,data-exfiltration,UNKNOWN,False,other,5,commands/post-exploit/auto-generated-full-syntax-post-exploit.json
vba-autoopen-variants,VBA Auto-Execution Methods,vba-evasion,N/A,UNKNOWN,False,other,5,commands/av-evasion/vba-evasion.json
vba-caesar-cipher,VBA Caesar Cipher Shellcode,vba-evasion,N/A,UNKNOWN,False,other,5,commands/av-evasion/vba-evasion.json
vba-shellcode-runner-basic,VBA Shellcode Runner (Basic),vba-evasion,N/A,UNKNOWN,False,other,5,commands/av-evasion/vba-evasion.json
vba-stomping,VBA Stomping (P-Code Manipulation),vba-evasion,N/A,UNKNOWN,False,other,5,commands/av-evasion/vba-evasion.json
vba-string-obfuscation,VBA String Obfuscation,vba-evasion,N/A,UNKNOWN,False,other,5,commands/av-evasion/vba-evasion.json
vba-wmi-dechain,VBA WMI Process Dechaining,vba-evasion,N/A,UNKNOWN,False,other,5,commands/av-evasion/vba-evasion.json
verify-cap-access,Verify Elevated Access from Capability Exploitation,post-exploit,privilege-escalation,UNKNOWN,False,other,5,commands/post-exploit/linux-capabilities-commands.json
verify-crackmapexec-installed,Verify CrackMapExec Installed,utilities,N/A,UNKNOWN,False,other,5,commands/utilities/verification-utilities.json
verify-docker-images-available,Verify Docker Images Available,utilities,N/A,UNKNOWN,False,other,5,commands/utilities/verification-utilities.json
verify-file-exists,Verify File Exists,utilities,N/A,UNKNOWN,False,other,5,commands/utilities/verification-utilities.json
verify-getcap-installed,Verify getcap Utility Installed,utilities,N/A,UNKNOWN,False,other,5,commands/utilities/verification-utilities.json
verify-impacket-installed,Verify Impacket Toolkit Installed,utilities,N/A,UNKNOWN,False,other,5,commands/utilities/verification-utilities.json
verify-ldap-anonymous-bind,Verify LDAP Anonymous Bind Allowed,utilities,N/A,UNKNOWN,False,other,5,commands/utilities/verification-utilities.json
verify-mimikatz-available,Verify Mimikatz Available,utilities,N/A,UNKNOWN,False,other,5,commands/utilities/verification-utilities.json
verify-network-connectivity,Verify Network Connectivity to Target,utilities,N/A,UNKNOWN,False,other,5,commands/utilities/verification-utilities.json
verify-root-access,Verify Root/Administrator Access,utilities,N/A,UNKNOWN,False,other,5,commands/utilities/verification-utilities.json
verify-root-access-ad,Helper - Verify Remote Access and Privileges,active-directory,lateral-movement,UNKNOWN,False,other,5,commands/exploitation/ad-lateral-movement-helpers.json
watch-n-ps,Watch N Ps,post-exploit,enumeration,UNKNOWN,False,other,5,commands/post-exploit/auto-generated-full-syntax-post-exploit.json
wes-run,Windows Exploit Suggester,post-exploitation,enumeration-windows,UNKNOWN,False,other,5,commands/generated/post-exploitation-additions.json
wfuzz-param,Wfuzz - Parameter Fuzzing,web,fuzzing,UNKNOWN,False,other,5,commands/generated/web-additions.json
wget-recursive,Wget - Recursive Download,web,web-scraping,UNKNOWN,False,wget,5,commands/generated/web-additions.json
whatweb-scan,WhatWeb - Web Technology Scanner,recon,web,UNKNOWN,False,other,5,commands/generated/recon-additions.json
windbg-attach-process,WinDbg Attach to Process,debugging,N/A,UNKNOWN,False,other,5,commands/av-evasion/debugging.json
windbg-breakpoint-commands,WinDbg Breakpoint Commands,debugging,N/A,UNKNOWN,False,other,5,commands/av-evasion/debugging.json
windbg-disassemble,WinDbg Disassembly View,debugging,N/A,UNKNOWN,False,other,5,commands/av-evasion/debugging.json
windbg-edit-memory,WinDbg Edit Memory (Live Patching),debugging,N/A,UNKNOWN,False,other,5,commands/av-evasion/debugging.json
windbg-memory-inspection,WinDbg Memory Inspection,debugging,N/A,UNKNOWN,False,other,5,commands/av-evasion/debugging.json
winpeas-run,WinPEAS - Windows Privilege Escalation,post-exploitation,enumeration-windows,UNKNOWN,False,winpeas,5,commands/generated/post-exploitation-additions.json
wmi-creds-pscredential,Helper - Create PSCredential Object for WMI/WinRM,active-directory,lateral-movement,UNKNOWN,False,other,5,commands/exploitation/ad-lateral-movement-helpers.json
wmi-powershell-revshell,WMI - PowerShell Reverse Shell,active-directory,lateral-movement,UNKNOWN,False,other,5,commands/exploitation/ad-lateral-movement-wmi.json
wmi-verify-enabled,WMI - Verify Service Enabled,active-directory,lateral-movement,UNKNOWN,False,other,5,commands/exploitation/ad-lateral-movement-wmi.json
wmiexec-shell,Impacket WMIExec - Remote Shell,active-directory,lateral-movement,UNKNOWN,False,other,5,commands/generated/active-directory-additions.json
wpscan-enumerate,WPScan - WordPress Scanner,web,cms-enumeration,UNKNOWN,False,other,5,commands/generated/web-additions.json
wscript-cscript-execution,WScript vs CScript Execution,jscript-evasion,N/A,UNKNOWN,False,other,5,commands/av-evasion/jscript-evasion.json
